negocio,rubro,comuna_o_zona,web,contacto_publico,angulo,estado,proximo_paso,fuente
PCmasterOk,PC y notebooks,San Miguel,https://pcmasterok.cl/,+56972160489,"Atencion por WhatsApp + registro de solicitudes por equipo/falla",Nuevo,Enviar mensaje demo,Web publica
COMPUCAM,PC notebooks consolas impresoras,Santiago RM,https://compucam.cl/,+56984250298,"Ordenar diagnosticos a domicilio y solicitudes multi-servicio",Nuevo,Enviar mensaje demo,Web publica
HM Electronica San Bernardo,Electronica multimarca,San Bernardo,https://www.electronicasanbernardo.cl/,+56972153024,"Filtrar solicitudes y separar casos por tipo de equipo",Nuevo,Enviar mensaje demo,Web publica
Infodata,Computadores notebooks impresoras,San Bernardo,https://infodata.cl/,+56936108613,"Registrar leads de reparacion y soporte antes de cotizar",Nuevo,Enviar mensaje demo,Web publica
CyberSOS,PC y notebooks,Santiago RM,https://cyber-sos.netlify.app/,+56945190107,"Captura 24/7 de diagnosticos y orden de seguimiento",Nuevo,Enviar mensaje demo,Web publica
Rapidtec,Computadores a domicilio,Santiago Centro,https://rapidtec.cl/contacto/,+56979651206,"Precalificar visitas a domicilio y evitar preguntas repetidas",Nuevo,Enviar mensaje demo,Web publica
Servic PC,Notebook Macbook consolas,Santiago Centro,https://servicpc.cl/,WhatsApp visible en web,"Agendar solicitudes con datos completos antes de recepcion",Nuevo,Revisar WhatsApp en web,Web publica
Nightecs,Servicio tecnico PC,Santiago RM,https://nightecs.cl/,WhatsApp visible en web,"Precalificar solicitudes a domicilio por comuna y tipo de equipo",Nuevo,Revisar WhatsApp en web,Web publica
Webcity,PC notebooks impresoras,Santiago RM,https://webcity.cl/,WhatsApp visible en web,"Ordenar reparaciones de PC e impresoras con seguimiento",Nuevo,Revisar WhatsApp en web,Web publica
