fecha,negocio,rubro,comuna,canal,contacto,fuente,dolor_detectado,servicio_sugerido,estado,proximo_paso,fecha_proximo_paso,notas
2026-05-19,Construcciones MFI,Construccion y remodelaciones,Santiago RM,Web/WhatsApp,Por verificar,https://www.construccionesmfi.cl/,Web con WhatsApp y servicios de remodelacion; posible oportunidad en captura y seguimiento,Sistema Captacion IA Constructoras,Nuevo prospecto,Investigar WhatsApp y enviar observacion,2026-05-19,"Fuente web indica empresa constituida y foco en remodelaciones"
2026-05-19,JYD Construcciones,Construccion y remodelaciones,El Bosque / San Bernardo / La Cisterna,Web,Por verificar,https://jydconstrucciones.cl/,Constructora familiar zona sur; calza con confianza local y captacion,Sistema Captacion IA Constructoras,Nuevo prospecto,Investigar contacto y personalizar mensaje,2026-05-19,"Buen fit por zona y trayectoria"
2026-05-19,FP Construcciones,Construccion y remodelacion,Santiago RM,Web/WhatsApp,Por verificar,https://fpconstrucciones.cl/,Web con WhatsApp; oportunidad en Ads Growth y CRM,Sistema Captacion IA Constructoras,Nuevo prospecto,Investigar WhatsApp y actividad,2026-05-19,"Mas de 10 anos segun sitio"
2026-05-19,Euse Constructora,Construccion y remodelacion,Santiago,Web/WhatsApp,+56962076867,https://www.euse.cl/,Tiene WhatsApp visible y servicios de remodelacion; revisar Meta/Google,Setup Identidad Meta Legal,Nuevo prospecto,Enviar mensaje si calza,2026-05-19,"Telefono visible en busqueda"
2026-05-19,Construimos Chile,Construccion y remodelacion,Santiago RM,Web/WhatsApp,+56988269509,https://www.construimoschile.cl/,Web fuerte; puede calzar para auditoria Ads/CRM si ya captan leads,Auditoria Ads Express,Nuevo prospecto,Investigar antes de contactar,2026-05-19,"WhatsApp visible; opera RM"
2026-05-19,Full Remodelaciones,Remodelaciones,Santiago RM,Web/WhatsApp,Por verificar,https://fullremodelaciones.cl/,Foco remodelaciones; oportunidad Content/Ads,Sistema Captacion IA Constructoras,Nuevo prospecto,Investigar contacto,2026-05-19,"Sitio menciona WhatsApp/contacto"
2026-05-19,Grupo Guzman,Pintura y remodelacion,Santiago RM,Web/WhatsApp,Por verificar,https://pinturaguzman.cl/,Servicios B2B/B2C con WhatsApp; oportunidad CRM/Ads,Auditoria Ads Express,Nuevo prospecto,Investigar contacto y mensaje,2026-05-19,"Cubre RM y atiende empresas"
2026-05-19,Atelier 55,Arquitectura y construccion,Santiago,Web/WhatsApp,+56926225682,https://www.atelier55.cl/contacto,Estudio mas premium; calza con Content/Ads si tienen material,Content Engine IA,Nuevo prospecto,Evaluar si contactar o usar como benchmark,2026-05-19,"WhatsApp visible"
2026-05-19,San Juan Constructora,Constructora,Santiago,Web/WhatsApp,Por verificar,https://sanjuanconstructora.cl/,Web reciente; oportunidad benchmark/ads,Auditoria Ads Express,Nuevo prospecto,Investigar contacto,2026-05-19,"Fuente reciente"
